Sample Name,Marker,Allele 1,Allele 2,UD1,
65129,CR1,DVBBG,FUSION6C,AMEL,X,X,,
65129,CR1,DVBBG,FUSION6C,D3S1358,15,18,,
65129,CR1,DVBBG,FUSION6C,D1S1656,14,17,,
65129,CR1,DVBBG,FUSION6C,D2S441,10,11.3,,
65129,CR1,DVBBG,FUSION6C,D10S1248,14,14,,
65129,CR1,DVBBG,FUSION6C,D13S317,12,12,,
65129,CR1,DVBBG,FUSION6C,Penta_E,12,13,,
65129,CR1,DVBBG,FUSION6C,D16S539,9,12,,
65129,CR1,DVBBG,FUSION6C,D18S51,12,15,,
65129,CR1,DVBBG,FUSION6C,D2S1338,18,19,,
65129,CR1,DVBBG,FUSION6C,CSF1PO,11,11,,
65129,CR1,DVBBG,FUSION6C,Penta_D,9,11,,
65129,CR1,DVBBG,FUSION6C,TH01,6,7,,
65129,CR1,DVBBG,FUSION6C,vWA,18,19,,
65129,CR1,DVBBG,FUSION6C,D21S11,29,33.2,,
65129,CR1,DVBBG,FUSION6C,D7S820,11,12,,
65129,CR1,DVBBG,FUSION6C,D5S818,11,12,,
65129,CR1,DVBBG,FUSION6C,TPOX,10,11,,
65129,CR1,DVBBG,FUSION6C,DYS391,,,,
65129,CR1,DVBBG,FUSION6C,D8S1179,15,15,,
65129,CR1,DVBBG,FUSION6C,D12S391,18,23,,
65129,CR1,DVBBG,FUSION6C,D19S433,13,13.2,,
65129,CR1,DVBBG,FUSION6C,FGA,25,26,,
65129,CR1,DVBBG,FUSION6C,D22S1045,15,16,,
65129,MA1,DEB,FUSION6C,AMEL,X,X,,
65129,MA1,DEB,FUSION6C,D3S1358,15,18,,
65129,MA1,DEB,FUSION6C,D1S1656,17,17.3,,
65129,MA1,DEB,FUSION6C,D2S441,10,10,,
65129,MA1,DEB,FUSION6C,D10S1248,14,14,,
65129,MA1,DEB,FUSION6C,D13S317,9,12,,
65129,MA1,DEB,FUSION6C,Penta_E,12,13,,
65129,MA1,DEB,FUSION6C,D16S539,9,13,,
65129,MA1,DEB,FUSION6C,D18S51,12,15,,
65129,MA1,DEB,FUSION6C,D2S1338,18,18,,
65129,MA1,DEB,FUSION6C,CSF1PO,11,11,,
65129,MA1,DEB,FUSION6C,Penta_D,9,11,,
65129,MA1,DEB,FUSION6C,TH01,6,7,,
65129,MA1,DEB,FUSION6C,vWA,16,18,,
65129,MA1,DEB,FUSION6C,D21S11,31.2,33.2,,
65129,MA1,DEB,FUSION6C,D7S820,12,13,,
65129,MA1,DEB,FUSION6C,D5S818,11,12,,
65129,MA1,DEB,FUSION6C,TPOX,10,11,,
65129,MA1,DEB,FUSION6C,DYS391,,,,
65129,MA1,DEB,FUSION6C,D8S1179,13,15,,
65129,MA1,DEB,FUSION6C,D12S391,19,23,,
65129,MA1,DEB,FUSION6C,D19S433,13.2,14,,
65129,MA1,DEB,FUSION6C,FGA,25,26,,
65129,MA1,DEB,FUSION6C,D22S1045,14,15,,
65129,SP1,CBG,FUSION6C,AMEL,X,Y,,
65129,SP1,CBG,FUSION6C,D3S1358,15,16,,
65129,SP1,CBG,FUSION6C,D1S1656,14,17.3,,
65129,SP1,CBG,FUSION6C,D2S441,11.3,14,,
65129,SP1,CBG,FUSION6C,D10S1248,12,14,,
65129,SP1,CBG,FUSION6C,D13S317,11,12,,
65129,SP1,CBG,FUSION6C,Penta_E,12,12,,
65129,SP1,CBG,FUSION6C,D16S539,12,13,,
65129,SP1,CBG,FUSION6C,D18S51,15,21,,
65129,SP1,CBG,FUSION6C,D2S1338,19,20,,
65129,SP1,CBG,FUSION6C,CSF1PO,11,12,,
65129,SP1,CBG,FUSION6C,Penta_D,9,11,,
65129,SP1,CBG,FUSION6C,TH01,7,9,,
65129,SP1,CBG,FUSION6C,vWA,13,19,,
65129,SP1,CBG,FUSION6C,D21S11,29,30,,
65129,SP1,CBG,FUSION6C,D7S820,10,11,,
65129,SP1,CBG,FUSION6C,D5S818,11,13,,
65129,SP1,CBG,FUSION6C,TPOX,8,11,,
65129,SP1,CBG,FUSION6C,DYS391,11,11,,
65129,SP1,CBG,FUSION6C,D8S1179,14,15,,
65129,SP1,CBG,FUSION6C,D12S391,18,22,,
65129,SP1,CBG,FUSION6C,D19S433,13,14,,
65129,SP1,CBG,FUSION6C,FGA,20,26,,
65129,SP1,CBG,FUSION6C,D22S1045,16,16,,
FUSION,AMEL,X,Y,,
FUSION,D3S1358,9,10,,
FUSION,D1S1656,9,10,,
FUSION,D2S441,8,9,,
FUSION,D10S1248,8,9,,
FUSION,D13S317,5,6,,
FUSION,Penta_E,5,6,,
FUSION,D16S539,4,5,,
FUSION,D18S51,7,8,,
FUSION,D2S1338,10,12,,
FUSION,CSF1PO,5,6,,
FUSION,Penta_D,2.2,3.2,,
FUSION,TH01,3,4,,
FUSION,vWA,10,11,,
FUSION,D21S11,24,24.2,,
FUSION,D7S820,5,6,,
FUSION,D5S818,6,7,,
FUSION,TPOX,4,5,,
FUSION,DYS391,5,6,,
FUSION,D8S1179,7,8,,
FUSION,D12S391,14,15,,
FUSION,D19S433,5.2,6.2,,
FUSION,FGA,14,15,,
FUSION,D22S1045,7,8,,
