Sample Name, Marker, Allele 1, Allele 2, 
2646344-tic-m-vf-ipc, D3S1358, 15, 16, 
2646344-tic-m-vf-ipc, vWA, 16, 17, 
2646344-tic-m-vf-ipc, D16S539, 10, 12, 
2646344-tic-m-vf-ipc, CSF1PO, 10, 12, 
2646344-tic-m-vf-ipc, TPOX, 8, 8, 
2646344-tic-m-vf-ipc, Yindel, , , 
2646344-tic-m-vf-ipc, AMEL, X, X, 
2646344-tic-m-vf-ipc, D8S1179, 12, 14, 
2646344-tic-m-vf-ipc, D21S11, 31.2, 31.2, 
2646344-tic-m-vf-ipc, D18S51, 16, 17, 
2646344-tic-m-vf-ipc, Penta_E, 15, 19, 
2646344-tic-m-vf-ipc, D2S441, 10, 11, 
2646344-tic-m-vf-ipc, D19S433, 14, 14.2, 
2646344-tic-m-vf-ipc, TH01, 7, 9.3, 
2646344-tic-m-vf-ipc, FGA, 21, 22, 
2646344-tic-m-vf-ipc, D22S1045, 16, 17, 
2646344-tic-m-vf-ipc, D5S818, 7, 13, 
2646344-tic-m-vf-ipc, D13S317, 11, 12, 
2646344-tic-m-vf-ipc, D7S820, 11, 12, 
2646344-tic-m-vf-ipc, D6S1043, 14, 18, 
2646344-tic-m-vf-ipc, D10S1248, 14, 17, 
2646344-tic-m-vf-ipc, D1S1656, 13, 13, 
2646344-tic-m-vf-ipc, D12S391, 18, 19, 
2646344-tic-m-vf-ipc, D2S1338, 20, 23, 
2646344-tic-m-vf-ipc, Penta_D, 9, 13, 
2646344-ms-c-vf-ipc, D3S1358, 15, 17, 
2646344-ms-c-vf-ipc, vWA, 16, 16, 
2646344-ms-c-vf-ipc, D16S539, 10, 11, 
2646344-ms-c-vf-ipc, CSF1PO, 10, 11, 
2646344-ms-c-vf-ipc, TPOX, 8, 11, 
2646344-ms-c-vf-ipc, Yindel, , , 
2646344-ms-c-vf-ipc, AMEL, X, X, 
2646344-ms-c-vf-ipc, D8S1179, 12, 15, 
2646344-ms-c-vf-ipc, D21S11, 28, 31.2, 
2646344-ms-c-vf-ipc, D18S51, 16, 18, 
2646344-ms-c-vf-ipc, Penta_E, 10, 19, 
2646344-ms-c-vf-ipc, D2S441, 11, 11.3, 
2646344-ms-c-vf-ipc, D19S433, 14, 14, 
2646344-ms-c-vf-ipc, TH01, 7, 7, 
2646344-ms-c-vf-ipc, FGA, 22, 25, 
2646344-ms-c-vf-ipc, D22S1045, 16, 17, 
2646344-ms-c-vf-ipc, D5S818, 7, 9, 
2646344-ms-c-vf-ipc, D13S317, 10, 12, 
2646344-ms-c-vf-ipc, D7S820, 8, 11, 
2646344-ms-c-vf-ipc, D6S1043, 13, 18, 
2646344-ms-c-vf-ipc, D10S1248, 13, 17, 
2646344-ms-c-vf-ipc, D1S1656, 13, 15, 
2646344-ms-c-vf-ipc, D12S391, 18, 22, 
2646344-ms-c-vf-ipc, D2S1338, 23, 24, 
2646344-ms-c-vf-ipc, Penta_D, 11, 13, 
2646344-dcfr-sp-vf-ipc, D3S1358, 15, 17, 
2646344-dcfr-sp-vf-ipc, vWA, 16, 17, 
2646344-dcfr-sp-vf-ipc, D16S539, 11, 11, 
2646344-dcfr-sp-vf-ipc, CSF1PO, 10, 11, 
2646344-dcfr-sp-vf-ipc, TPOX, 11, 11, 
2646344-dcfr-sp-vf-ipc, Yindel, 2, , 
2646344-dcfr-sp-vf-ipc, AMEL, X, Y, 
2646344-dcfr-sp-vf-ipc, D8S1179, 14, 15, 
2646344-dcfr-sp-vf-ipc, D21S11, 28, 31, 
2646344-dcfr-sp-vf-ipc, D18S51, 13, 18, 
2646344-dcfr-sp-vf-ipc, Penta_E, 10, 16, 
2646344-dcfr-sp-vf-ipc, D2S441, 10, 11.3, 
2646344-dcfr-sp-vf-ipc, D19S433, 13, 14, 
2646344-dcfr-sp-vf-ipc, TH01, 7, 7, 
2646344-dcfr-sp-vf-ipc, FGA, 24, 25, 
2646344-dcfr-sp-vf-ipc, D22S1045, 16, 16, 
2646344-dcfr-sp-vf-ipc, D5S818, 9, 12, 
2646344-dcfr-sp-vf-ipc, D13S317, 10, 12, 
2646344-dcfr-sp-vf-ipc, D7S820, 8, 11, 
2646344-dcfr-sp-vf-ipc, D6S1043, 13, 18, 
2646344-dcfr-sp-vf-ipc, D10S1248, 13, 13, 
2646344-dcfr-sp-vf-ipc, D1S1656, 14, 15, 
2646344-dcfr-sp-vf-ipc, D12S391, 19, 22, 
2646344-dcfr-sp-vf-ipc, D2S1338, 17, 24, 
2646344-dcfr-sp-vf-ipc, Penta_D, 9, 11, 
